<?xml version="1.0" encoding="UTF-8"?>
<beans  xmlns="http://www.springframework.org/schema/beans"  
    xmlns:xsi="http://www.w3.org/2001/XMLSchema-instance"  
    xsi:schemaLocation="http://www.springframework.org/schema/beans  
    http://www.springframework.org/schema/beans/spring-beans-4.0.xsd"> 
    <bean id="empobj" class="com.edu.Employee">
    <constructor-arg value="1" type="int"></constructor-arg>
    <constructor-arg value="Deepak" type="String"></constructor-arg>
    <constructor-arg value="30000" type="double"></constructor-arg>
    </bean>
    
     <bean id="empobj1" class="com.edu.Employee">
    <constructor-arg value="2" type="int"></constructor-arg>
    <constructor-arg value="Vinay" type="String"></constructor-arg>
    <constructor-arg value="25980" type="double"></constructor-arg>
    </bean>
   
    </beans>